id	kind	style_or_trade	ref	class	skills	str	dex	int	home
swordsman	fighter	melee	PW-01	HISTORICAL_EXACT	27:1000,1:1000,17:1000,30:1000,40:1000,31:1000,5:1000	100	100	25	britain
archer	fighter	ranged	PW-02	HISTORICAL_NEAR_EXACT	25:250,40:1000,31:1000,27:1000,5:1000,30:800,17:950,1:1000	100	100	25	yew
fencer	fighter	melee	PW-03	HISTORICAL_FAMILY	42:1000,27:1000,1:1000,17:1000,30:1000,5:1000	90	100	35	jhelom
macer	fighter	melee	PW-04	HISTORICAL_FAMILY	41:1000,27:1000,1:1000,17:1000,5:1000	100	100	25	minoc
warlock	fighter	warlock	WL-01	HISTORICAL_EXACT	25:1000,40:1000,27:1000,16:800,30:800,17:800,1:800,46:800	90	100	35	britain
fencing_warlock	fighter	warlock	WL-03	HISTORICAL_EXACT	42:1000,27:1000,1:1000,30:1000,25:850,17:800,16:750,46:600	85	100	40	vesper
double_warlock	fighter	warlock	WL-07	HISTORICAL_EXACT	40:1000,41:1000,27:1000,30:900,17:900,1:900,25:800,46:500	98	97	30	britain
pure_mage	fighter	mage	PM-01	HISTORICAL_EXACT	25:1000,46:1000,16:1000,30:1000,17:1000,1:1000,23:1000	25	100	100	vesper
tamer	fighter	tamer	TM-02	REVOLUTION_DERIVED	35:1000,2:1000,39:1000,25:1000,46:1000,17:1000	50	100	75	britain
pk	fighter	pk	PK-02	HISTORICAL_FAMILY	27:1000,1:1000,17:1000,30:1000,40:1000,31:1000,5:1000	100	100	25	britain
blacksmith	crafter	blacksmith	CR-01	REVOLUTION_DERIVED	45:1000,7:1000,4:1000	100	100	25	minoc
tinker	crafter	tinker	CR-06	REVOLUTION_DERIVED	37:1000,45:1000	50	100	75	britain
tailor	crafter	tailor	CR-04	HISTORICAL_FAMILY	34:1000,25:1000,16:1000	25	100	100	britain
carpenter	crafter	carpenter	CR-08	REVOLUTION_DERIVED	11:1000,44:1000	100	100	25	britain
bowyer	crafter	bowyer	CR-07	REVOLUTION_DERIVED	44:1000,8:1000,31:1000	100	100	25	yew
alchemist	crafter	alchemist	CR-03	REVOLUTION_DERIVED	0:1000,25:1000,30:1000	25	100	100	britain
scribe	crafter	scribe	CR-05	HISTORICAL_FAMILY	23:1000,25:1000,46:1000	25	100	100	vesper
cook	crafter	cook	-	UNSOURCED	13:1000,18:1000	50	100	75	britain
lumberjack	gatherer	lumber	M4-plan	REVOLUTION_DERIVED	40:1000,27:1000,44:1000,17:1000,1:1000	100	100	25	trinsic
miner	gatherer	mine	CR-01	REVOLUTION_DERIVED	45:1000,7:1000	100	100	25	minoc
fisher	gatherer	fish	FI-01	HISTORICAL_FAMILY	18:1000	50	100	75	britain
